episode_id,episode_seed,kernel,matrix_size,max_steps,use_cupti,use_nvml,baseline_ms,mean_time_ms,mean_reward,best_speedup,best_reward,steps
0,0,gemm,256,10,True,True,0.20254720151424407,0.22618111938238142,-0.08963995541830147,1.0421496297526647,0.042149629752664675,10
1,1,gemm,512,10,True,True,0.9308159947395325,0.9642598426342011,-0.031002823601988916,1.0213483070818528,0.021348307081852758,10
2,2,reduction,256,10,True,True,0.09379839897155762,0.1296608005464077,-0.1935103115909616,1.162436528350344,0.16243652835034394,10
3,3,reduction,512,10,True,True,0.11837439797818661,0.1573318411409855,-0.15422827937934444,1.140039434972951,0.14003943497295102,10
4,4,softmax,256,10,True,True,0.20971519947052003,0.20346751883625985,0.09194305054979049,1.5306427776852967,0.5306427776852967,10
5,5,softmax,512,10,True,True,0.42741760015487673,0.4060979199409485,0.09812166537650174,1.4245733711236803,0.4245733711236803,10
