episode_id,episode_seed,kernel,matrix_size,max_steps,use_cupti,use_nvml,baseline_ms,mean_time_ms,mean_reward,best_speedup,best_reward,steps
0,0,gemm,256,5,True,True,0.19189759939908982,0.27779071956872936,-0.2130059349290227,0.9445564545038733,-0.055443545496126734,5
1,1,gemm,512,5,True,True,1.0420223951339722,0.9694412827491761,0.0865822159300698,1.2025525909865815,0.20255259098658152,5
2,2,reduction,256,5,True,True,0.10260480046272277,0.1528627198934555,-0.2860847891710915,0.9277777741472846,-0.07222222585271543,5
3,3,reduction,512,5,True,True,0.17489920370280743,0.13652480013668536,0.3768517587847124,2.2297650572867442,1.2297650572867442,5
4,4,softmax,256,5,True,True,0.16732159554958342,0.20860927999019624,-0.1857393045703401,0.8861171207908565,-0.11388287920914353,5
5,5,softmax,512,5,True,True,0.4849664032459259,0.4492492789030075,0.10398314192956917,1.4447834061075584,0.4447834061075584,5
